show_id,type,title,director,cast,country,date_added,release_year,rating,duration,listed_in,description
s1,Movie,Title 1,,"Actor 0, Actor 1",South Korea,"22 July, 2017",1985,TV-14,141 min,"Dramas, Thrillers, Horror",Description 0
s2,Movie,Title 2,Director 1,"Actor 1, Actor 2",South Korea,"9 November, 2021",2012,R,160 min,"Action, Anime",Description 1
s3,TV Show,Title 3,Director 2,"Actor 2, Actor 3",Canada,"22 September, 2021",2002,TV-MA,4 Seasons,Anime,Description 2
s4,Movie,Title 4,Director 3,"Actor 3, Actor 4",USA,"5 May, 2015",1983,TV-14,146 min,"Documentaries, Dramas",Description 3
s5,Movie,Title 5,Director 4,"Actor 4, Actor 5",Japan,"19 November, 2016",1986,R,149 min,"Documentaries, Action, Thrillers",Description 4
s6,Movie,Title 6,Director 5,"Actor 5, Actor 6",India,"12 May, 2020",2007,TV-PG,89 min,"Kids, Romance",Description 5
s7,Movie,Title 7,Director 6,"Actor 6, Actor 7",Japan,"23 November, 2018",1994,R,162 min,Sci-Fi,Description 6
s8,Movie,Title 8,Director 7,"Actor 7, Actor 8",Japan,"5 September, 2020",1984,TV-PG,100 min,Comedies,Description 7
s9,TV Show,Title 9,Director 8,"Actor 8, Actor 9",France,"3 May, 2019",2001,G,7 Seasons,Thrillers,Description 8
s10,Movie,Title 10,,"Actor 9, Actor 10",USA,"13 November, 2021",2018,TV-MA,105 min,"Thrillers, Dramas, Sci-Fi",Description 9
s11,Movie,Title 11,,"Actor 10, Actor 11",USA,"11 March, 2020",2019,TV-14,126 min,Documentaries,Description 10
s12,Movie,Title 12,Director 11,"Actor 11, Actor 12",South Korea,"23 November, 2020",2018,TV-14,128 min,"Thrillers, Action, Documentaries",Description 11
s13,Movie,Title 13,Director 12,"Actor 12, Actor 13",UK,"17 January, 2020",2005,G,61 min,"Action, Documentaries, Dramas",Description 12
s14,Movie,Title 14,Director 13,"Actor 13, Actor 14",India,"22 July, 2019",2000,PG-13,149 min,Action,Description 13
s15,Movie,Title 15,Director 14,"Actor 14, Actor 15",India,"12 January, 2017",1981,TV-14,166 min,"Action, Comedies, Documentaries",Description 14
s16,Movie,Title 16,Director 15,"Actor 15, Actor 16",South Korea,"10 March, 2016",2020,TV-MA,93 min,Documentaries,Description 15
s17,TV Show,Title 17,Director 16,"Actor 16, Actor 17",France,"11 July, 2016",1997,G,4 Seasons,"Horror, Comedies, Documentaries",Description 16
s18,Movie,Title 18,Director 17,"Actor 17, Actor 18",India,"8 March, 2016",2008,R,96 min,"Documentaries, Action",Description 17
s19,TV Show,Title 19,Director 18,"Actor 18, Actor 19",USA,"3 May, 2021",2011,TV-MA,2 Seasons,Horror,Description 18
s20,TV Show,Title 20,,"Actor 19, Actor 20",South Korea,"26 January, 2019",1994,TV-14,7 Seasons,"Sci-Fi, Documentaries, Action",Description 19
s21,Movie,Title 21,,"Actor 20, Actor 21",South Korea,"25 September, 2021",2002,R,146 min,"Kids, Documentaries, Thrillers",Description 20
s22,Movie,Title 22,,"Actor 21, Actor 22",France,"24 September, 2015",2015,TV-MA,155 min,"Anime, Action, Horror",Description 21
s23,TV Show,Title 23,,"Actor 22, Actor 23",India,"22 May, 2021",2004,TV-14,6 Seasons,"Romance, Action",Description 22
s24,TV Show,Title 24,Director 23,"Actor 23, Actor 24",France,"20 March, 2019",2007,G,2 Seasons,Dramas,Description 23
s25,TV Show,Title 25,Director 24,"Actor 24, Actor 25",India,"13 March, 2016",1991,TV-14,9 Seasons,"Anime, Horror, Dramas",Description 24
s26,Movie,Title 26,Director 25,"Actor 25, Actor 26",South Korea,"6 November, 2021",2017,TV-14,179 min,Anime,Description 25
s27,Movie,Title 27,Director 26,"Actor 26, Actor 27",South Korea,"20 March, 2020",2004,PG-13,82 min,"Anime, Thrillers",Description 26
s28,TV Show,Title 28,Director 27,"Actor 27, Actor 28",India,"15 January, 2018",1985,PG-13,8 Seasons,"Anime, Comedies, Sci-Fi",Description 27
s29,Movie,Title 29,,"Actor 28, Actor 29",UK,"12 November, 2020",2019,PG-13,100 min,Documentaries,Description 28
s30,Movie,Title 30,Director 29,"Actor 29, Actor 30",South Korea,"8 July, 2019",1998,R,105 min,"Comedies, Thrillers, Documentaries",Description 29
s31,TV Show,Title 31,Director 30,"Actor 30, Actor 31",India,"10 November, 2021",1995,TV-MA,4 Seasons,"Action, Comedies",Description 30
s32,Movie,Title 32,,"Actor 31, Actor 32",South Korea,"15 March, 2019",1984,R,174 min,"Documentaries, Sci-Fi, Dramas",Description 31
s33,TV Show,Title 33,Director 32,"Actor 32, Actor 33",France,"8 May, 2021",1985,G,10 Seasons,"Thrillers, Anime",Description 32
s34,TV Show,Title 34,Director 33,"Actor 33, Actor 34",USA,"26 July, 2021",1997,G,5 Seasons,"Comedies, Documentaries, Romance",Description 33
s35,TV Show,Title 35,,"Actor 34, Actor 35",UK,"7 May, 2020",1989,R,3 Seasons,Dramas,Description 34
s36,Movie,Title 36,,"Actor 35, Actor 36",South Korea,"19 July, 2018",2004,TV-14,155 min,Horror,Description 35
s37,TV Show,Title 37,Director 36,"Actor 36, Actor 37",India,"25 May, 2021",2020,TV-PG,4 Seasons,"Horror, Action",Description 36
s38,Movie,Title 38,Director 37,"Actor 37, Actor 38",India,"13 September, 2019",1989,TV-PG,123 min,"Sci-Fi, Horror",Description 37
s39,TV Show,Title 39,Director 38,"Actor 38, Actor 39",France,"14 March, 2021",2004,TV-14,4 Seasons,"Kids, Horror",Description 38
s40,Movie,Title 40,Director 39,"Actor 39, Actor 40",UK,"7 September, 2016",2000,TV-PG,90 min,Sci-Fi,Description 39
s41,TV Show,Title 41,Director 40,"Actor 40, Actor 41",South Korea,"28 May, 2015",2003,G,4 Seasons,"Thrillers, Action, Sci-Fi",Description 40
s42,TV Show,Title 42,,"Actor 41, Actor 42",India,"21 July, 2021",1986,R,5 Seasons,Dramas,Description 41
s43,Movie,Title 43,Director 42,"Actor 42, Actor 43",USA,"12 September, 2015",1985,TV-MA,86 min,"Dramas, Documentaries",Description 42
s44,Movie,Title 44,Director 43,"Actor 43, Actor 44",Japan,"23 September, 2021",1980,PG-13,89 min,"Comedies, Anime",Description 43
s45,Movie,Title 45,,"Actor 44, Actor 45",South Korea,"4 May, 2015",1999,G,85 min,"Action, Horror",Description 44
s46,Movie,Title 46,Director 45,"Actor 45, Actor 46",USA,"25 March, 2017",2008,R,166 min,Comedies,Description 45
s47,TV Show,Title 47,Director 46,"Actor 46, Actor 47",India,"15 September, 2016",2003,G,4 Seasons,"Comedies, Documentaries, Sci-Fi",Description 46
s48,Movie,Title 48,Director 47,"Actor 47, Actor 48",USA,"27 July, 2015",1997,G,167 min,"Dramas, Horror, Action",Description 47
s49,Movie,Title 49,,"Actor 48, Actor 49",UK,"8 July, 2017",1986,R,139 min,"Horror, Action, Dramas",Description 48
s50,Movie,Title 50,Director 49,"Actor 49, Actor 50",South Korea,"1 July, 2015",1988,TV-MA,105 min,Documentaries,Description 49
s51,TV Show,Title 51,Director 0,"Actor 50, Actor 51",South Korea,"13 September, 2017",1985,TV-PG,3 Seasons,Thrillers,Description 50
s52,TV Show,Title 52,Director 1,"Actor 51, Actor 52",India,"8 July, 2015",1991,G,2 Seasons,"Kids, Anime",Description 51
s53,TV Show,Title 53,Director 2,"Actor 52, Actor 53",France,"12 March, 2015",2007,TV-MA,2 Seasons,"Romance, Anime",Description 52
s54,TV Show,Title 54,Director 3,"Actor 53, Actor 54",UK,"11 January, 2021",2008,R,2 Seasons,Comedies,Description 53
s55,Movie,Title 55,Director 4,"Actor 54, Actor 55",USA,"23 November, 2017",2015,TV-14,146 min,Horror,Description 54
s56,TV Show,Title 56,Director 5,"Actor 55, Actor 56",India,"26 March, 2016",2015,TV-14,8 Seasons,"Kids, Sci-Fi, Action",Description 55
s57,TV Show,Title 57,Director 6,"Actor 56, Actor 57",UK,"2 May, 2021",2012,R,10 Seasons,Documentaries,Description 56
s58,Movie,Title 58,Director 7,"Actor 57, Actor 58",USA,"16 November, 2021",2006,TV-14,60 min,Horror,Description 57
s59,TV Show,Title 59,,"Actor 58, Actor 59",India,"5 November, 2018",1986,TV-PG,9 Seasons,Romance,Description 58
s60,Movie,Title 60,Director 9,"Actor 59, Actor 60",Japan,"15 September, 2015",1981,G,65 min,"Anime, Sci-Fi, Thrillers",Description 59
s61,Movie,Title 61,Director 10,"Actor 60, Actor 61",Canada,"3 January, 2017",1985,TV-MA,168 min,Dramas,Description 60
s62,Movie,Title 62,Director 11,"Actor 61, Actor 62",France,"7 March, 2019",2002,PG-13,121 min,Action,Description 61
s63,Movie,Title 63,Director 12,"Actor 62, Actor 63",USA,"24 September, 2019",2015,TV-MA,107 min,"Romance, Comedies, Sci-Fi",Description 62
s64,TV Show,Title 64,Director 13,"Actor 63, Actor 64",Japan,"14 January, 2021",1985,PG-13,10 Seasons,Romance,Description 63
s65,TV Show,Title 65,Director 14,"Actor 64, Actor 65",USA,"10 March, 2017",2018,R,6 Seasons,"Sci-Fi, Anime",Description 64
s66,TV Show,Title 66,Director 15,"Actor 65, Actor 66",Canada,"4 January, 2016",2018,R,8 Seasons,"Romance, Comedies, Horror",Description 65
s67,Movie,Title 67,Director 16,"Actor 66, Actor 67",Canada,"14 November, 2021",2000,PG-13,174 min,Documentaries,Description 66
s68,TV Show,Title 68,Director 17,"Actor 67, Actor 68",South Korea,"20 July, 2015",2004,G,10 Seasons,"Documentaries, Action",Description 67
s69,Movie,Title 69,Director 18,"Actor 68, Actor 69",UK,"4 July, 2019",1980,TV-14,171 min,"Dramas, Romance",Description 68
s70,Movie,Title 70,Director 19,"Actor 69, Actor 70",France,"18 January, 2020",1998,R,95 min,"Sci-Fi, Romance",Description 69
s71,Movie,Title 71,Director 20,"Actor 70, Actor 71",France,"17 September, 2016",2006,TV-PG,122 min,Romance,Description 70
s72,TV Show,Title 72,Director 21,"Actor 71, Actor 72",USA,"23 March, 2017",2004,TV-PG,3 Seasons,"Dramas, Action, Comedies",Description 71
s73,TV Show,Title 73,Director 22,"Actor 72, Actor 73",Canada,"14 January, 2019",1985,TV-PG,9 Seasons,Documentaries,Description 72
s74,TV Show,Title 74,Director 23,"Actor 73, Actor 74",France,"12 March, 2019",2015,G,5 Seasons,"Horror, Thrillers, Dramas",Description 73
s75,Movie,Title 75,Director 24,"Actor 74, Actor 75",India,"14 March, 2020",1995,TV-PG,110 min,"Kids, Horror",Description 74
s76,Movie,Title 76,,"Actor 75, Actor 76",France,"22 January, 2019",2016,PG-13,88 min,"Sci-Fi, Thrillers, Anime",Description 75
s77,TV Show,Title 77,Director 26,"Actor 76, Actor 77",USA,"12 January, 2019",2013,G,10 Seasons,"Comedies, Horror",Description 76
s78,Movie,Title 78,Director 27,"Actor 77, Actor 78",Japan,"18 September, 2021",1990,TV-14,76 min,"Dramas, Kids, Action",Description 77
s79,TV Show,Title 79,Director 28,"Actor 78, Actor 79",South Korea,"17 September, 2015",2004,G,1 Season,Sci-Fi,Description 78
s80,TV Show,Title 80,Director 29,"Actor 79, Actor 80",South Korea,"13 July, 2015",1990,PG-13,9 Seasons,Action,Description 79
s81,TV Show,Title 81,Director 30,"Actor 80, Actor 81",Japan,"21 July, 2017",1988,R,7 Seasons,Thrillers,Description 80
s82,Movie,Title 82,,"Actor 81, Actor 82",France,"9 November, 2015",1997,TV-PG,121 min,Dramas,Description 81
s83,TV Show,Title 83,Director 32,"Actor 82, Actor 83",UK,"12 January, 2017",1999,TV-PG,9 Seasons,"Comedies, Horror",Description 82
s84,Movie,Title 84,,"Actor 83, Actor 84",Canada,"8 November, 2020",1997,TV-PG,64 min,Action,Description 83
s85,Movie,Title 85,Director 34,"Actor 84, Actor 85",Japan,"21 January, 2021",2011,R,124 min,"Romance, Documentaries, Comedies",Description 84
s86,TV Show,Title 86,Director 35,"Actor 85, Actor 86",USA,"19 November, 2021",1989,G,6 Seasons,Horror,Description 85
s87,TV Show,Title 87,Director 36,"Actor 86, Actor 87",USA,"11 March, 2015",1984,TV-MA,7 Seasons,"Horror, Kids, Documentaries",Description 86
s88,TV Show,Title 88,Director 37,"Actor 87, Actor 88",Canada,"12 September, 2017",1990,PG-13,3 Seasons,"Kids, Sci-Fi",Description 87
s89,TV Show,Title 89,Director 38,"Actor 88, Actor 89",South Korea,"27 November, 2016",2007,G,8 Seasons,Anime,Description 88
s90,Movie,Title 90,Director 39,"Actor 89, Actor 90",Canada,"27 November, 2018",1997,TV-14,75 min,"Kids, Horror, Comedies",Description 89
s91,Movie,Title 91,,"Actor 90, Actor 91",Canada,"23 July, 2020",2006,R,149 min,"Action, Anime",Description 90
s92,TV Show,Title 92,Director 41,"Actor 91, Actor 92",Japan,"6 March, 2015",1999,TV-MA,9 Seasons,"Anime, Comedies, Kids",Description 91
s93,Movie,Title 93,,"Actor 92, Actor 93",USA,"23 July, 2015",2010,TV-MA,118 min,"Comedies, Romance, Documentaries",Description 92
s94,Movie,Title 94,Director 43,"Actor 93, Actor 94",Canada,"10 March, 2015",1984,TV-14,100 min,"Romance, Horror",Description 93
s95,Movie,Title 95,Director 44,"Actor 94, Actor 95",Japan,"26 March, 2015",2003,R,148 min,"Sci-Fi, Anime, Dramas",Description 94
s96,Movie,Title 96,Director 45,"Actor 95, Actor 96",Canada,"11 May, 2019",1996,TV-MA,61 min,Romance,Description 95
s97,Movie,Title 97,Director 46,"Actor 96, Actor 97",USA,"13 September, 2018",1995,G,61 min,"Action, Horror",Description 96
s98,TV Show,Title 98,Director 47,"Actor 97, Actor 98",USA,"9 January, 2021",2020,TV-PG,4 Seasons,Horror,Description 97
s99,Movie,Title 99,Director 48,"Actor 98, Actor 99",UK,"21 March, 2017",2011,TV-14,108 min,"Thrillers, Dramas",Description 98
s100,TV Show,Title 100,Director 49,"Actor 99, Actor 0",France,"12 January, 2021",2018,TV-PG,10 Seasons,"Sci-Fi, Romance, Documentaries",Description 99
s101,TV Show,Title 101,,"Actor 0, Actor 1",India,"21 May, 2017",2019,TV-14,2 Seasons,Documentaries,Description 100
s102,TV Show,Title 102,Director 1,"Actor 1, Actor 2",USA,"4 May, 2018",1992,PG-13,6 Seasons,"Romance, Anime",Description 101
s103,TV Show,Title 103,Director 2,"Actor 2, Actor 3",India,"13 November, 2018",2009,PG-13,6 Seasons,"Comedies, Thrillers",Description 102
s104,Movie,Title 104,Director 3,"Actor 3, Actor 4",UK,"13 May, 2016",1986,R,138 min,Romance,Description 103
s105,Movie,Title 105,Director 4,"Actor 4, Actor 5",France,"16 November, 2018",1988,TV-MA,170 min,"Sci-Fi, Documentaries, Romance",Description 104
s106,TV Show,Title 106,Director 5,"Actor 5, Actor 6",Japan,"12 September, 2017",1999,TV-PG,5 Seasons,"Horror, Comedies, Thrillers",Description 105
s107,TV Show,Title 107,Director 6,"Actor 6, Actor 7",France,"26 January, 2020",1980,TV-MA,3 Seasons,"Thrillers, Horror",Description 106
s108,Movie,Title 108,Director 7,"Actor 7, Actor 8",France,"14 January, 2018",2005,PG-13,130 min,"Sci-Fi, Kids, Documentaries",Description 107
s109,TV Show,Title 109,Director 8,"Actor 8, Actor 9",Japan,"20 March, 2019",2001,TV-PG,5 Seasons,Kids,Description 108
s110,TV Show,Title 110,Director 9,"Actor 9, Actor 10",UK,"10 May, 2015",2019,G,4 Seasons,Comedies,Description 109
s111,Movie,Title 111,Director 10,"Actor 10, Actor 11",Canada,"3 May, 2020",2004,R,94 min,"Kids, Horror",Description 110
s112,TV Show,Title 112,Director 11,"Actor 11, Actor 12",France,"10 May, 2018",2001,TV-MA,8 Seasons,Kids,Description 111
s113,Movie,Title 113,Director 12,"Actor 12, Actor 13",France,"20 November, 2018",2008,TV-14,138 min,"Dramas, Action, Thrillers",Description 112
s114,TV Show,Title 114,,"Actor 13, Actor 14",UK,"6 November, 2018",2001,TV-14,6 Seasons,Dramas,Description 113
s115,Movie,Title 115,,"Actor 14, Actor 15",Canada,"12 July, 2015",2007,TV-PG,106 min,Dramas,Description 114
s116,Movie,Title 116,,"Actor 15, Actor 16",France,"24 May, 2019",2021,TV-14,83 min,"Dramas, Documentaries",Description 115
s117,TV Show,Title 117,Director 16,"Actor 16, Actor 17",France,"14 May, 2020",2018,TV-14,8 Seasons,"Thrillers, Romance, Documentaries",Description 116
s118,Movie,Title 118,Director 17,"Actor 17, Actor 18",Canada,"26 January, 2015",1988,PG-13,114 min,"Kids, Horror",Description 117
s119,Movie,Title 119,,"Actor 18, Actor 19",USA,"22 November, 2018",1999,R,86 min,"Comedies, Dramas, Thrillers",Description 118
s120,TV Show,Title 120,Director 19,"Actor 19, Actor 20",South Korea,"12 September, 2021",2000,TV-14,7 Seasons,"Sci-Fi, Anime",Description 119
s121,Movie,Title 121,Director 20,"Actor 20, Actor 21",Japan,"24 November, 2016",2018,TV-14,149 min,Sci-Fi,Description 120
s122,Movie,Title 122,Director 21,"Actor 21, Actor 22",USA,"1 March, 2021",1992,TV-MA,156 min,"Kids, Documentaries, Anime",Description 121
s123,TV Show,Title 123,Director 22,"Actor 22, Actor 23",South Korea,"20 November, 2021",2010,TV-PG,6 Seasons,Romance,Description 122
s124,TV Show,Title 124,Director 23,"Actor 23, Actor 24",Japan,"15 January, 2016",2000,PG-13,6 Seasons,"Comedies, Romance, Dramas",Description 123
s125,Movie,Title 125,Director 24,"Actor 24, Actor 25",Japan,"3 March, 2021",1991,G,169 min,"Dramas, Action",Description 124
s126,Movie,Title 126,,"Actor 25, Actor 26",South Korea,"21 May, 2017",2005,G,111 min,"Thrillers, Anime, Kids",Description 125
s127,TV Show,Title 127,,"Actor 26, Actor 27",France,"13 September, 2015",2000,TV-PG,5 Seasons,"Thrillers, Romance, Horror",Description 126
s128,TV Show,Title 128,Director 27,"Actor 27, Actor 28",Japan,"20 March, 2020",1998,TV-MA,8 Seasons,"Dramas, Anime, Sci-Fi",Description 127
s129,Movie,Title 129,,"Actor 28, Actor 29",South Korea,"15 May, 2017",2020,TV-MA,83 min,Action,Description 128
s130,Movie,Title 130,,"Actor 29, Actor 30",India,"15 January, 2019",2011,G,133 min,"Dramas, Thrillers, Romance",Description 129
s131,Movie,Title 131,Director 30,"Actor 30, Actor 31",Canada,"5 September, 2017",2016,TV-MA,76 min,"Romance, Anime, Horror",Description 130
s132,Movie,Title 132,Director 31,"Actor 31, Actor 32",Canada,"13 May, 2020",1995,TV-14,133 min,"Documentaries, Sci-Fi",Description 131
s133,Movie,Title 133,Director 32,"Actor 32, Actor 33",India,"9 March, 2015",2000,G,147 min,"Thrillers, Sci-Fi",Description 132
s134,TV Show,Title 134,Director 33,"Actor 33, Actor 34",Canada,"1 November, 2016",2004,TV-PG,4 Seasons,"Kids, Horror",Description 133
s135,Movie,Title 135,Director 34,"Actor 34, Actor 35",UK,"16 September, 2018",1997,TV-PG,164 min,"Comedies, Dramas, Documentaries",Description 134
s136,Movie,Title 136,,"Actor 35, Actor 36",South Korea,"18 January, 2017",2005,TV-PG,72 min,"Anime, Romance, Kids",Description 135
s137,Movie,Title 137,Director 36,"Actor 36, Actor 37",Canada,"25 May, 2020",2003,R,152 min,"Comedies, Sci-Fi, Anime",Description 136
s138,TV Show,Title 138,Director 37,"Actor 37, Actor 38",Canada,"15 March, 2019",1987,PG-13,5 Seasons,"Romance, Documentaries",Description 137
s139,Movie,Title 139,Director 38,"Actor 38, Actor 39",Canada,"10 November, 2018",2016,TV-14,162 min,"Romance, Anime",Description 138
s140,TV Show,Title 140,Director 39,"Actor 39, Actor 40",Japan,"7 January, 2016",1992,PG-13,4 Seasons,Action,Description 139
s141,TV Show,Title 141,Director 40,"Actor 40, Actor 41",USA,"28 January, 2018",2017,TV-14,9 Seasons,"Thrillers, Dramas, Horror",Description 140
s142,Movie,Title 142,Director 41,"Actor 41, Actor 42",UK,"6 November, 2018",2014,TV-PG,115 min,"Documentaries, Action, Dramas",Description 141
s143,Movie,Title 143,,"Actor 42, Actor 43",Canada,"3 November, 2021",1991,R,169 min,"Sci-Fi, Romance, Kids",Description 142
s144,TV Show,Title 144,,"Actor 43, Actor 44",UK,"11 November, 2017",2015,R,7 Seasons,"Horror, Anime",Description 143
s145,TV Show,Title 145,Director 44,"Actor 44, Actor 45",Japan,"23 January, 2019",1981,TV-PG,4 Seasons,"Dramas, Thrillers, Documentaries",Description 144
s146,TV Show,Title 146,Director 45,"Actor 45, Actor 46",UK,"18 May, 2017",2009,PG-13,3 Seasons,"Thrillers, Kids, Sci-Fi",Description 145
s147,TV Show,Title 147,Director 46,"Actor 46, Actor 47",UK,"28 March, 2020",1993,TV-MA,3 Seasons,"Documentaries, Kids, Romance",Description 146
s148,TV Show,Title 148,Director 47,"Actor 47, Actor 48",India,"23 November, 2020",2008,TV-PG,8 Seasons,Kids,Description 147
s149,Movie,Title 149,,"Actor 48, Actor 49",Japan,"6 May, 2019",1998,G,163 min,Romance,Description 148
s150,Movie,Title 150,Director 49,"Actor 49, Actor 50",Canada,"8 January, 2016",1984,G,61 min,Sci-Fi,Description 149
s151,Movie,Title 151,,"Actor 50, Actor 51",USA,"26 March, 2016",2006,G,82 min,Romance,Description 150
s152,Movie,Title 152,,"Actor 51, Actor 52",USA,"26 July, 2015",2011,G,113 min,"Kids, Action, Documentaries",Description 151
s153,TV Show,Title 153,Director 2,"Actor 52, Actor 53",South Korea,"12 September, 2019",1988,TV-14,8 Seasons,"Comedies, Thrillers, Documentaries",Description 152
s154,Movie,Title 154,Director 3,"Actor 53, Actor 54",USA,"12 July, 2021",2020,PG-13,77 min,Romance,Description 153
s155,Movie,Title 155,Director 4,"Actor 54, Actor 55",USA,"18 March, 2019",1999,G,174 min,"Documentaries, Anime",Description 154
s156,Movie,Title 156,,"Actor 55, Actor 56",Canada,"3 January, 2017",1995,TV-MA,168 min,"Anime, Romance",Description 155
s157,Movie,Title 157,Director 6,"Actor 56, Actor 57",USA,"13 November, 2020",1996,G,140 min,"Comedies, Sci-Fi",Description 156
s158,Movie,Title 158,Director 7,"Actor 57, Actor 58",Japan,"16 September, 2018",1989,R,126 min,Anime,Description 157
s159,Movie,Title 159,Director 8,"Actor 58, Actor 59",Japan,"25 July, 2021",2007,TV-14,128 min,"Anime, Comedies, Sci-Fi",Description 158
s160,Movie,Title 160,Director 9,"Actor 59, Actor 60",UK,"19 January, 2016",2004,R,152 min,Kids,Description 159
s161,Movie,Title 161,Director 10,"Actor 60, Actor 61",South Korea,"11 November, 2015",1984,TV-14,100 min,Horror,Description 160
s162,Movie,Title 162,Director 11,"Actor 61, Actor 62",India,"15 July, 2020",2008,TV-MA,160 min,"Romance, Horror, Dramas",Description 161
s163,TV Show,Title 163,Director 12,"Actor 62, Actor 63",France,"17 May, 2016",2018,TV-14,8 Seasons,Action,Description 162
s164,Movie,Title 164,Director 13,"Actor 63, Actor 64",USA,"27 September, 2020",2010,TV-MA,98 min,Documentaries,Description 163
s165,Movie,Title 165,Director 14,"Actor 64, Actor 65",France,"19 March, 2021",2017,TV-PG,92 min,"Anime, Sci-Fi",Description 164
s166,TV Show,Title 166,Director 15,"Actor 65, Actor 66",France,"5 July, 2019",2005,TV-PG,9 Seasons,Documentaries,Description 165
s167,TV Show,Title 167,Director 16,"Actor 66, Actor 67",France,"28 January, 2021",2014,TV-14,10 Seasons,"Action, Comedies, Sci-Fi",Description 166
s168,Movie,Title 168,Director 17,"Actor 67, Actor 68",UK,"4 September, 2016",2012,PG-13,66 min,"Action, Documentaries",Description 167
s169,Movie,Title 169,Director 18,"Actor 68, Actor 69",Japan,"10 March, 2016",2006,G,110 min,"Dramas, Anime, Sci-Fi",Description 168
s170,TV Show,Title 170,Director 19,"Actor 69, Actor 70",USA,"11 November, 2016",2014,G,2 Seasons,"Thrillers, Action",Description 169
s171,Movie,Title 171,Director 20,"Actor 70, Actor 71",Canada,"12 September, 2017",1982,G,148 min,"Action, Sci-Fi, Comedies",Description 170
s172,TV Show,Title 172,Director 21,"Actor 71, Actor 72",UK,"28 January, 2017",2003,G,3 Seasons,Anime,Description 171
s173,TV Show,Title 173,Director 22,"Actor 72, Actor 73",South Korea,"7 November, 2019",2014,R,1 Season,"Horror, Anime",Description 172
s174,Movie,Title 174,,"Actor 73, Actor 74",Japan,"9 March, 2020",2018,TV-14,87 min,"Sci-Fi, Horror",Description 173
s175,Movie,Title 175,,"Actor 74, Actor 75",South Korea,"10 September, 2019",2020,TV-14,164 min,Dramas,Description 174
s176,Movie,Title 176,,"Actor 75, Actor 76",Canada,"3 September, 2020",1985,G,92 min,"Thrillers, Documentaries, Dramas",Description 175
s177,TV Show,Title 177,,"Actor 76, Actor 77",South Korea,"6 September, 2019",1986,R,8 Seasons,"Kids, Thrillers",Description 176
s178,TV Show,Title 178,Director 27,"Actor 77, Actor 78",Japan,"5 March, 2020",1995,G,2 Seasons,Dramas,Description 177
s179,TV Show,Title 179,Director 28,"Actor 78, Actor 79",USA,"20 November, 2019",2002,TV-14,8 Seasons,"Thrillers, Anime, Documentaries",Description 178
s180,TV Show,Title 180,Director 29,"Actor 79, Actor 80",UK,"11 September, 2015",1990,R,6 Seasons,"Action, Comedies",Description 179
s181,TV Show,Title 181,Director 30,"Actor 80, Actor 81",France,"27 January, 2015",2021,TV-MA,5 Seasons,"Kids, Romance",Description 180
s182,Movie,Title 182,Director 31,"Actor 81, Actor 82",UK,"2 November, 2021",2019,PG-13,106 min,Comedies,Description 181
s183,Movie,Title 183,Director 32,"Actor 82, Actor 83",UK,"19 May, 2020",1982,TV-PG,106 min,Romance,Description 182
s184,Movie,Title 184,Director 33,"Actor 83, Actor 84",USA,"7 September, 2018",2016,TV-PG,131 min,"Sci-Fi, Kids",Description 183
s185,TV Show,Title 185,Director 34,"Actor 84, Actor 85",France,"20 November, 2015",2021,G,9 Seasons,"Kids, Documentaries, Horror",Description 184
s186,TV Show,Title 186,Director 35,"Actor 85, Actor 86",France,"16 November, 2019",2021,PG-13,5 Seasons,"Action, Documentaries, Sci-Fi",Description 185
s187,Movie,Title 187,Director 36,"Actor 86, Actor 87",India,"10 November, 2017",2005,R,104 min,"Thrillers, Action",Description 186
s188,Movie,Title 188,Director 37,"Actor 87, Actor 88",India,"16 March, 2021",2001,PG-13,62 min,"Dramas, Thrillers",Description 187
s189,Movie,Title 189,Director 38,"Actor 88, Actor 89",Japan,"26 November, 2018",2007,R,112 min,Action,Description 188
s190,Movie,Title 190,Director 39,"Actor 89, Actor 90",Canada,"10 July, 2015",1986,G,75 min,Dramas,Description 189
s191,TV Show,Title 191,Director 40,"Actor 90, Actor 91",India,"23 January, 2016",1980,PG-13,6 Seasons,"Kids, Action, Comedies",Description 190
s192,Movie,Title 192,Director 41,"Actor 91, Actor 92",South Korea,"15 July, 2018",1986,G,171 min,"Dramas, Horror",Description 191
s193,TV Show,Title 193,Director 42,"Actor 92, Actor 93",USA,"15 March, 2017",1996,TV-14,10 Seasons,"Romance, Kids, Dramas",Description 192
s194,Movie,Title 194,Director 43,"Actor 93, Actor 94",UK,"20 March, 2017",1994,TV-14,85 min,"Dramas, Comedies, Anime",Description 193
s195,TV Show,Title 195,Director 44,"Actor 94, Actor 95",South Korea,"28 November, 2017",2012,PG-13,10 Seasons,Comedies,Description 194
s196,TV Show,Title 196,,"Actor 95, Actor 96",France,"24 May, 2018",2013,TV-MA,10 Seasons,"Sci-Fi, Horror",Description 195
s197,Movie,Title 197,,"Actor 96, Actor 97",UK,"5 May, 2019",2015,PG-13,143 min,Kids,Description 196
s198,Movie,Title 198,Director 47,"Actor 97, Actor 98",USA,"18 January, 2017",2017,TV-PG,143 min,"Sci-Fi, Action",Description 197
s199,TV Show,Title 199,Director 48,"Actor 98, Actor 99",South Korea,"8 July, 2015",2016,TV-14,9 Seasons,Dramas,Description 198
s200,Movie,Title 200,Director 49,"Actor 99, Actor 0",UK,"9 July, 2016",1994,PG-13,82 min,"Horror, Comedies",Description 199
s201,Movie,Title 201,Director 0,"Actor 0, Actor 1",France,"5 January, 2015",2008,G,159 min,"Kids, Romance, Action",Description 200
s202,Movie,Title 202,,"Actor 1, Actor 2",India,"10 July, 2021",2003,TV-PG,96 min,"Comedies, Kids",Description 201
s203,Movie,Title 203,Director 2,"Actor 2, Actor 3",South Korea,"20 July, 2016",2005,G,105 min,"Anime, Comedies, Romance",Description 202
s204,Movie,Title 204,Director 3,"Actor 3, Actor 4",Canada,"28 March, 2021",2009,TV-14,101 min,Comedies,Description 203
s205,Movie,Title 205,Director 4,"Actor 4, Actor 5",South Korea,"11 September, 2020",2017,TV-MA,146 min,"Thrillers, Anime",Description 204
s206,TV Show,Title 206,Director 5,"Actor 5, Actor 6",France,"11 March, 2021",2012,TV-MA,9 Seasons,"Kids, Thrillers",Description 205
s207,TV Show,Title 207,Director 6,"Actor 6, Actor 7",South Korea,"6 July, 2019",1989,TV-PG,8 Seasons,"Horror, Romance",Description 206
s208,TV Show,Title 208,,"Actor 7, Actor 8",South Korea,"15 July, 2017",2002,PG-13,8 Seasons,Dramas,Description 207
s209,Movie,Title 209,,"Actor 8, Actor 9",France,"16 January, 2015",1981,TV-14,173 min,"Sci-Fi, Thrillers, Anime",Description 208
s210,TV Show,Title 210,Director 9,"Actor 9, Actor 10",France,"13 September, 2018",2010,TV-MA,2 Seasons,"Thrillers, Dramas",Description 209
s211,Movie,Title 211,Director 10,"Actor 10, Actor 11",Japan,"8 March, 2019",1986,TV-PG,108 min,Comedies,Description 210
s212,Movie,Title 212,Director 11,"Actor 11, Actor 12",Japan,"12 January, 2015",1998,R,138 min,Anime,Description 211
s213,TV Show,Title 213,,"Actor 12, Actor 13",France,"10 July, 2019",2006,PG-13,5 Seasons,"Sci-Fi, Action, Comedies",Description 212
s214,Movie,Title 214,Director 13,"Actor 13, Actor 14",USA,"27 November, 2020",1985,R,119 min,"Comedies, Anime, Romance",Description 213
s215,TV Show,Title 215,Director 14,"Actor 14, Actor 15",France,"16 May, 2019",1987,PG-13,3 Seasons,"Thrillers, Sci-Fi, Romance",Description 214
s216,TV Show,Title 216,Director 15,"Actor 15, Actor 16",Japan,"1 January, 2018",1989,TV-14,3 Seasons,"Sci-Fi, Dramas",Description 215
s217,TV Show,Title 217,Director 16,"Actor 16, Actor 17",South Korea,"5 May, 2020",2002,TV-PG,6 Seasons,Action,Description 216
s218,TV Show,Title 218,Director 17,"Actor 17, Actor 18",Japan,"12 July, 2017",1999,G,7 Seasons,Romance,Description 217
s219,TV Show,Title 219,Director 18,"Actor 18, Actor 19",UK,"2 July, 2015",2001,G,10 Seasons,"Documentaries, Horror",Description 218
s220,TV Show,Title 220,Director 19,"Actor 19, Actor 20",USA,"19 September, 2016",2009,TV-14,10 Seasons,"Comedies, Anime, Dramas",Description 219
s221,Movie,Title 221,,"Actor 20, Actor 21",India,"12 September, 2017",1993,R,111 min,Action,Description 220
s222,Movie,Title 222,Director 21,"Actor 21, Actor 22",UK,"3 July, 2019",2013,G,168 min,"Action, Documentaries, Kids",Description 221
s223,TV Show,Title 223,Director 22,"Actor 22, Actor 23",Japan,"15 September, 2017",2010,TV-PG,2 Seasons,"Anime, Romance",Description 222
s224,Movie,Title 224,Director 23,"Actor 23, Actor 24",South Korea,"27 September, 2020",2002,TV-14,70 min,"Comedies, Documentaries, Kids",Description 223
s225,Movie,Title 225,Director 24,"Actor 24, Actor 25",UK,"20 January, 2016",2010,TV-14,80 min,Comedies,Description 224
s226,Movie,Title 226,,"Actor 25, Actor 26",UK,"4 July, 2017",1986,TV-14,103 min,"Horror, Sci-Fi",Description 225
s227,TV Show,Title 227,Director 26,"Actor 26, Actor 27",UK,"26 May, 2019",2008,R,4 Seasons,"Horror, Sci-Fi",Description 226
s228,Movie,Title 228,Director 27,"Actor 27, Actor 28",USA,"12 March, 2016",2008,TV-14,100 min,"Action, Comedies",Description 227
s229,Movie,Title 229,Director 28,"Actor 28, Actor 29",India,"20 September, 2018",2000,TV-MA,100 min,Dramas,Description 228
s230,TV Show,Title 230,,"Actor 29, Actor 30",South Korea,"17 January, 2015",1984,PG-13,5 Seasons,Comedies,Description 229
s231,Movie,Title 231,Director 30,"Actor 30, Actor 31",India,"2 March, 2020",1999,TV-MA,150 min,"Anime, Sci-Fi",Description 230
s232,Movie,Title 232,Director 31,"Actor 31, Actor 32",France,"11 July, 2019",1982,R,94 min,"Sci-Fi, Action, Horror",Description 231
s233,Movie,Title 233,Director 32,"Actor 32, Actor 33",Japan,"15 March, 2019",1987,R,137 min,"Anime, Dramas",Description 232
s234,Movie,Title 234,Director 33,"Actor 33, Actor 34",Canada,"17 March, 2017",1981,TV-14,142 min,"Action, Sci-Fi, Kids",Description 233
s235,Movie,Title 235,Director 34,"Actor 34, Actor 35",USA,"20 May, 2016",2001,TV-PG,110 min,Horror,Description 234
s236,Movie,Title 236,Director 35,"Actor 35, Actor 36",India,"13 September, 2020",2021,G,94 min,"Dramas, Comedies",Description 235
s237,Movie,Title 237,Director 36,"Actor 36, Actor 37",Japan,"27 May, 2019",1986,G,173 min,"Documentaries, Dramas",Description 236
s238,TV Show,Title 238,Director 37,"Actor 37, Actor 38",Japan,"11 September, 2021",1990,G,8 Seasons,"Kids, Thrillers, Documentaries",Description 237
s239,Movie,Title 239,Director 38,"Actor 38, Actor 39",USA,"17 September, 2018",1995,TV-MA,159 min,"Kids, Comedies, Horror",Description 238
s240,Movie,Title 240,Director 39,"Actor 39, Actor 40",USA,"23 September, 2017",2013,R,170 min,"Thrillers, Sci-Fi, Documentaries",Description 239
s241,Movie,Title 241,Director 40,"Actor 40, Actor 41",Japan,"16 January, 2017",1991,PG-13,180 min,"Horror, Action, Dramas",Description 240
s242,Movie,Title 242,Director 41,"Actor 41, Actor 42",France,"11 November, 2015",2015,R,106 min,Action,Description 241
s243,TV Show,Title 243,Director 42,"Actor 42, Actor 43",India,"14 September, 2017",1990,TV-MA,10 Seasons,"Sci-Fi, Anime, Action",Description 242
s244,TV Show,Title 244,Director 43,"Actor 43, Actor 44",Canada,"26 November, 2021",2001,G,9 Seasons,Sci-Fi,Description 243
s245,TV Show,Title 245,Director 44,"Actor 44, Actor 45",Canada,"23 November, 2015",2015,PG-13,8 Seasons,"Thrillers, Documentaries",Description 244
s246,Movie,Title 246,Director 45,"Actor 45, Actor 46",Canada,"20 July, 2017",2007,PG-13,112 min,"Dramas, Kids",Description 245
s247,TV Show,Title 247,Director 46,"Actor 46, Actor 47",UK,"21 September, 2019",2009,TV-14,3 Seasons,Kids,Description 246
s248,Movie,Title 248,Director 47,"Actor 47, Actor 48",India,"8 November, 2015",1994,TV-PG,83 min,"Horror, Anime, Thrillers",Description 247
s249,TV Show,Title 249,Director 48,"Actor 48, Actor 49",UK,"19 July, 2016",2005,PG-13,1 Season,Sci-Fi,Description 248
s250,TV Show,Title 250,Director 49,"Actor 49, Actor 50",UK,"17 November, 2020",2020,TV-14,3 Seasons,"Anime, Sci-Fi",Description 249
s251,Movie,Title 251,,"Actor 50, Actor 51",Japan,"20 July, 2016",1991,TV-PG,153 min,Sci-Fi,Description 250
s252,TV Show,Title 252,Director 1,"Actor 51, Actor 52",UK,"27 November, 2016",1991,G,4 Seasons,"Documentaries, Comedies",Description 251
s253,TV Show,Title 253,Director 2,"Actor 52, Actor 53",South Korea,"2 September, 2020",2020,TV-14,5 Seasons,"Dramas, Comedies",Description 252
s254,TV Show,Title 254,Director 3,"Actor 53, Actor 54",France,"4 March, 2015",2007,R,2 Seasons,"Horror, Dramas",Description 253
s255,Movie,Title 255,Director 4,"Actor 54, Actor 55",France,"15 May, 2018",2005,R,86 min,"Kids, Dramas, Comedies",Description 254
s256,Movie,Title 256,Director 5,"Actor 55, Actor 56",USA,"5 July, 2020",1981,TV-PG,81 min,"Anime, Romance, Thrillers",Description 255
s257,TV Show,Title 257,Director 6,"Actor 56, Actor 57",USA,"7 July, 2019",2019,TV-14,7 Seasons,"Sci-Fi, Documentaries, Kids",Description 256
s258,Movie,Title 258,Director 7,"Actor 57, Actor 58",India,"25 September, 2018",1992,TV-MA,73 min,Thrillers,Description 257
s259,Movie,Title 259,Director 8,"Actor 58, Actor 59",India,"28 November, 2020",2008,TV-14,72 min,"Documentaries, Kids",Description 258
s260,Movie,Title 260,Director 9,"Actor 59, Actor 60",South Korea,"2 November, 2016",2017,TV-MA,68 min,"Anime, Sci-Fi, Documentaries",Description 259
s261,TV Show,Title 261,,"Actor 60, Actor 61",France,"17 March, 2019",2007,PG-13,8 Seasons,"Sci-Fi, Comedies, Kids",Description 260
s262,Movie,Title 262,Director 11,"Actor 61, Actor 62",USA,"11 November, 2018",2004,PG-13,130 min,"Thrillers, Dramas, Documentaries",Description 261
s263,TV Show,Title 263,Director 12,"Actor 62, Actor 63",Japan,"17 July, 2017",1980,PG-13,1 Season,"Romance, Kids",Description 262
s264,Movie,Title 264,Director 13,"Actor 63, Actor 64",USA,"6 July, 2019",1993,TV-14,63 min,"Documentaries, Comedies, Dramas",Description 263
s265,Movie,Title 265,,"Actor 64, Actor 65",UK,"11 September, 2017",1993,TV-PG,158 min,Sci-Fi,Description 264
s266,TV Show,Title 266,Director 15,"Actor 65, Actor 66",Canada,"22 November, 2020",1997,TV-MA,7 Seasons,Horror,Description 265
s267,TV Show,Title 267,Director 16,"Actor 66, Actor 67",Japan,"21 November, 2017",1984,TV-14,9 Seasons,Romance,Description 266
s268,Movie,Title 268,,"Actor 67, Actor 68",Canada,"20 July, 2016",2016,PG-13,157 min,"Thrillers, Anime, Comedies",Description 267
s269,TV Show,Title 269,Director 18,"Actor 68, Actor 69",Canada,"8 May, 2019",1986,R,2 Seasons,"Thrillers, Sci-Fi",Description 268
s270,TV Show,Title 270,Director 19,"Actor 69, Actor 70",France,"10 March, 2017",2014,PG-13,2 Seasons,Documentaries,Description 269
s271,Movie,Title 271,Director 20,"Actor 70, Actor 71",Canada,"25 May, 2020",1991,TV-PG,93 min,Horror,Description 270
s272,TV Show,Title 272,,"Actor 71, Actor 72",Canada,"7 November, 2020",2003,PG-13,10 Seasons,Anime,Description 271
s273,Movie,Title 273,Director 22,"Actor 72, Actor 73",UK,"16 May, 2018",2000,G,79 min,Sci-Fi,Description 272
s274,Movie,Title 274,Director 23,"Actor 73, Actor 74",India,"12 September, 2021",1992,TV-PG,70 min,"Anime, Kids",Description 273
s275,TV Show,Title 275,Director 24,"Actor 74, Actor 75",South Korea,"24 May, 2017",2009,R,7 Seasons,Sci-Fi,Description 274
s276,Movie,Title 276,Director 25,"Actor 75, Actor 76",France,"4 September, 2020",1987,TV-MA,99 min,Kids,Description 275
s277,Movie,Title 277,Director 26,"Actor 76, Actor 77",USA,"18 July, 2018",1996,PG-13,89 min,"Dramas, Kids, Horror",Description 276
s278,Movie,Title 278,Director 27,"Actor 77, Actor 78",UK,"27 May, 2021",2011,TV-PG,91 min,"Sci-Fi, Kids, Action",Description 277
s279,TV Show,Title 279,Director 28,"Actor 78, Actor 79",Canada,"26 March, 2017",2013,TV-MA,5 Seasons,"Anime, Action, Kids",Description 278
s280,TV Show,Title 280,Director 29,"Actor 79, Actor 80",USA,"2 May, 2020",2020,R,8 Seasons,Horror,Description 279
s281,Movie,Title 281,Director 30,"Actor 80, Actor 81",UK,"3 May, 2018",2000,G,140 min,"Anime, Documentaries, Horror",Description 280
s282,TV Show,Title 282,Director 31,"Actor 81, Actor 82",Japan,"21 May, 2020",2018,TV-PG,3 Seasons,"Anime, Thrillers",Description 281
s283,Movie,Title 283,Director 32,"Actor 82, Actor 83",Japan,"16 March, 2016",2004,R,76 min,"Horror, Documentaries",Description 282
s284,TV Show,Title 284,Director 33,"Actor 83, Actor 84",France,"27 September, 2017",2019,R,9 Seasons,"Sci-Fi, Action",Description 283
s285,TV Show,Title 285,Director 34,"Actor 84, Actor 85",Canada,"18 November, 2017",2005,TV-14,3 Seasons,Horror,Description 284
s286,TV Show,Title 286,Director 35,"Actor 85, Actor 86",France,"5 January, 2019",2017,TV-MA,1 Season,"Kids, Romance, Documentaries",Description 285
s287,Movie,Title 287,Director 36,"Actor 86, Actor 87",Japan,"24 September, 2016",1987,TV-14,64 min,"Kids, Thrillers, Anime",Description 286
s288,Movie,Title 288,Director 37,"Actor 87, Actor 88",UK,"8 January, 2020",2002,R,144 min,Anime,Description 287
s289,TV Show,Title 289,Director 38,"Actor 88, Actor 89",USA,"17 March, 2020",2002,TV-PG,6 Seasons,"Romance, Documentaries, Action",Description 288
s290,TV Show,Title 290,Director 39,"Actor 89, Actor 90",India,"8 January, 2015",2009,PG-13,6 Seasons,"Action, Kids, Documentaries",Description 289
s291,Movie,Title 291,Director 40,"Actor 90, Actor 91",Canada,"14 May, 2020",2019,G,170 min,"Comedies, Documentaries, Sci-Fi",Description 290
s292,Movie,Title 292,Director 41,"Actor 91, Actor 92",France,"16 January, 2020",1991,G,120 min,"Anime, Horror, Romance",Description 291
s293,TV Show,Title 293,Director 42,"Actor 92, Actor 93",USA,"25 March, 2015",1999,TV-14,8 Seasons,"Dramas, Kids",Description 292
s294,Movie,Title 294,Director 43,"Actor 93, Actor 94",USA,"18 March, 2018",2019,PG-13,171 min,Dramas,Description 293
s295,TV Show,Title 295,Director 44,"Actor 94, Actor 95",India,"21 July, 2018",2017,TV-14,9 Seasons,"Action, Dramas",Description 294
s296,Movie,Title 296,Director 45,"Actor 95, Actor 96",UK,"21 March, 2021",1985,G,179 min,"Dramas, Thrillers, Romance",Description 295
s297,TV Show,Title 297,Director 46,"Actor 96, Actor 97",India,"10 May, 2017",1988,TV-MA,5 Seasons,Romance,Description 296
s298,TV Show,Title 298,,"Actor 97, Actor 98",South Korea,"21 January, 2021",2000,G,9 Seasons,"Romance, Action, Dramas",Description 297
s299,Movie,Title 299,Director 48,"Actor 98, Actor 99",India,"3 November, 2019",1987,G,116 min,"Romance, Thrillers, Dramas",Description 298
s300,Movie,Title 300,Director 49,"Actor 99, Actor 0",South Korea,"8 September, 2020",1995,PG-13,77 min,"Sci-Fi, Comedies",Description 299
s301,Movie,Title 301,Director 0,"Actor 0, Actor 1",UK,"24 January, 2016",1999,TV-14,149 min,"Kids, Thrillers, Horror",Description 300
s302,Movie,Title 302,Director 1,"Actor 1, Actor 2",UK,"14 March, 2015",1987,R,129 min,Kids,Description 301
s303,Movie,Title 303,Director 2,"Actor 2, Actor 3",UK,"27 July, 2021",1991,TV-PG,82 min,"Romance, Dramas, Horror",Description 302
s304,TV Show,Title 304,Director 3,"Actor 3, Actor 4",USA,"16 March, 2020",2003,R,10 Seasons,"Horror, Documentaries",Description 303
s305,Movie,Title 305,,"Actor 4, Actor 5",USA,"28 May, 2015",1989,TV-MA,136 min,"Dramas, Anime, Romance",Description 304
s306,TV Show,Title 306,Director 5,"Actor 5, Actor 6",Canada,"1 May, 2019",2012,TV-MA,8 Seasons,Anime,Description 305
s307,Movie,Title 307,Director 6,"Actor 6, Actor 7",Japan,"20 January, 2017",2004,TV-14,140 min,"Thrillers, Documentaries",Description 306
s308,Movie,Title 308,Director 7,"Actor 7, Actor 8",Canada,"10 July, 2020",2006,R,155 min,"Kids, Thrillers, Anime",Description 307
s309,TV Show,Title 309,Director 8,"Actor 8, Actor 9",India,"18 September, 2018",2018,G,10 Seasons,"Sci-Fi, Action",Description 308
s310,TV Show,Title 310,,"Actor 9, Actor 10",India,"5 September, 2018",1988,PG-13,7 Seasons,"Comedies, Action, Kids",Description 309
s311,Movie,Title 311,Director 10,"Actor 10, Actor 11",Canada,"9 March, 2021",2016,TV-14,127 min,"Kids, Comedies, Horror",Description 310
s312,TV Show,Title 312,Director 11,"Actor 11, Actor 12",France,"4 May, 2016",2004,TV-14,9 Seasons,Horror,Description 311
s313,Movie,Title 313,Director 12,"Actor 12, Actor 13",Japan,"24 July, 2020",2007,R,99 min,"Kids, Romance",Description 312
s314,Movie,Title 314,Director 13,"Actor 13, Actor 14",India,"9 November, 2016",1991,TV-PG,176 min,Action,Description 313
s315,Movie,Title 315,Director 14,"Actor 14, Actor 15",France,"1 November, 2017",2011,TV-MA,104 min,"Romance, Dramas, Documentaries",Description 314
s316,TV Show,Title 316,Director 15,"Actor 15, Actor 16",France,"26 May, 2019",2020,G,8 Seasons,"Action, Dramas",Description 315
s317,TV Show,Title 317,Director 16,"Actor 16, Actor 17",South Korea,"22 March, 2016",2014,PG-13,9 Seasons,Documentaries,Description 316
s318,Movie,Title 318,Director 17,"Actor 17, Actor 18",Japan,"20 November, 2018",2021,TV-MA,89 min,"Dramas, Romance, Sci-Fi",Description 317
s319,Movie,Title 319,,"Actor 18, Actor 19",South Korea,"27 July, 2019",1991,G,163 min,"Kids, Documentaries, Comedies",Description 318
s320,Movie,Title 320,Director 19,"Actor 19, Actor 20",UK,"11 January, 2018",2015,TV-14,71 min,"Documentaries, Kids, Thrillers",Description 319
s321,Movie,Title 321,Director 20,"Actor 20, Actor 21",USA,"22 January, 2016",1990,TV-PG,116 min,Kids,Description 320
s322,TV Show,Title 322,Director 21,"Actor 21, Actor 22",Canada,"5 July, 2017",2011,TV-14,5 Seasons,Kids,Description 321
s323,Movie,Title 323,Director 22,"Actor 22, Actor 23",South Korea,"8 January, 2017",1998,TV-PG,106 min,Horror,Description 322
s324,Movie,Title 324,Director 23,"Actor 23, Actor 24",Japan,"13 March, 2018",1988,R,112 min,"Kids, Horror, Comedies",Description 323
s325,TV Show,Title 325,Director 24,"Actor 24, Actor 25",USA,"25 May, 2017",1991,G,5 Seasons,"Thrillers, Anime",Description 324
s326,TV Show,Title 326,Director 25,"Actor 25, Actor 26",Canada,"10 September, 2020",2000,TV-MA,3 Seasons,"Documentaries, Anime, Kids",Description 325
s327,Movie,Title 327,Director 26,"Actor 26, Actor 27",USA,"19 January, 2017",2008,TV-14,98 min,"Thrillers, Kids",Description 326
s328,TV Show,Title 328,Director 27,"Actor 27, Actor 28",Canada,"21 May, 2020",2019,TV-PG,1 Season,"Kids, Dramas",Description 327
s329,Movie,Title 329,Director 28,"Actor 28, Actor 29",USA,"8 January, 2020",1983,TV-PG,60 min,Documentaries,Description 328
s330,Movie,Title 330,,"Actor 29, Actor 30",South Korea,"4 July, 2017",2002,TV-14,126 min,"Thrillers, Anime",Description 329
s331,TV Show,Title 331,Director 30,"Actor 30, Actor 31",UK,"6 July, 2020",1980,TV-MA,3 Seasons,Documentaries,Description 330
s332,Movie,Title 332,Director 31,"Actor 31, Actor 32",France,"17 November, 2021",2011,G,104 min,"Comedies, Horror",Description 331
s333,TV Show,Title 333,Director 32,"Actor 32, Actor 33",Canada,"10 November, 2015",1988,R,5 Seasons,"Kids, Romance",Description 332
s334,Movie,Title 334,Director 33,"Actor 33, Actor 34",France,"21 May, 2017",1992,R,120 min,Kids,Description 333
s335,Movie,Title 335,Director 34,"Actor 34, Actor 35",Canada,"20 March, 2016",2004,PG-13,128 min,"Kids, Anime",Description 334
s336,TV Show,Title 336,Director 35,"Actor 35, Actor 36",Japan,"5 July, 2016",2015,PG-13,1 Season,"Sci-Fi, Dramas",Description 335
s337,TV Show,Title 337,Director 36,"Actor 36, Actor 37",Japan,"15 November, 2019",2012,PG-13,8 Seasons,"Thrillers, Documentaries",Description 336
s338,TV Show,Title 338,Director 37,"Actor 37, Actor 38",Canada,"12 July, 2020",2021,TV-MA,8 Seasons,"Comedies, Anime, Action",Description 337
s339,Movie,Title 339,Director 38,"Actor 38, Actor 39",UK,"18 July, 2021",2011,G,98 min,"Kids, Dramas, Comedies",Description 338
s340,Movie,Title 340,Director 39,"Actor 39, Actor 40",USA,"18 November, 2021",2006,G,61 min,Thrillers,Description 339
s341,Movie,Title 341,Director 40,"Actor 40, Actor 41",Canada,"7 March, 2020",2011,PG-13,158 min,"Horror, Comedies, Thrillers",Description 340
s342,Movie,Title 342,Director 41,"Actor 41, Actor 42",USA,"25 September, 2021",2006,PG-13,115 min,"Horror, Comedies, Action",Description 341
s343,TV Show,Title 343,Director 42,"Actor 42, Actor 43",UK,"26 January, 2019",2008,TV-MA,5 Seasons,Sci-Fi,Description 342
s344,TV Show,Title 344,,"Actor 43, Actor 44",India,"15 September, 2020",2011,PG-13,10 Seasons,"Documentaries, Dramas, Comedies",Description 343
s345,TV Show,Title 345,,"Actor 44, Actor 45",South Korea,"12 January, 2019",1990,R,4 Seasons,Dramas,Description 344
s346,Movie,Title 346,Director 45,"Actor 45, Actor 46",France,"4 January, 2021",1985,TV-14,161 min,Romance,Description 345
s347,TV Show,Title 347,Director 46,"Actor 46, Actor 47",Canada,"18 September, 2016",2016,R,1 Season,"Comedies, Thrillers, Romance",Description 346
s348,TV Show,Title 348,Director 47,"Actor 47, Actor 48",South Korea,"19 September, 2016",1981,R,9 Seasons,"Horror, Sci-Fi",Description 347
s349,TV Show,Title 349,Director 48,"Actor 48, Actor 49",Japan,"6 May, 2021",1994,TV-PG,6 Seasons,"Horror, Anime, Documentaries",Description 348
s350,TV Show,Title 350,Director 49,"Actor 49, Actor 50",UK,"17 July, 2015",1998,TV-14,4 Seasons,Horror,Description 349
s351,Movie,Title 351,,"Actor 50, Actor 51",USA,"22 March, 2020",1982,R,112 min,"Comedies, Kids, Dramas",Description 350
s352,Movie,Title 352,Director 1,"Actor 51, Actor 52",Canada,"19 July, 2015",1997,TV-14,172 min,"Anime, Comedies, Dramas",Description 351
s353,TV Show,Title 353,Director 2,"Actor 52, Actor 53",South Korea,"17 July, 2021",1994,R,9 Seasons,"Comedies, Documentaries, Anime",Description 352
s354,Movie,Title 354,Director 3,"Actor 53, Actor 54",USA,"2 July, 2016",2014,TV-MA,115 min,"Romance, Comedies",Description 353
s355,TV Show,Title 355,Director 4,"Actor 54, Actor 55",India,"17 July, 2018",1998,TV-MA,7 Seasons,"Sci-Fi, Horror",Description 354
s356,Movie,Title 356,Director 5,"Actor 55, Actor 56",Canada,"19 January, 2019",1990,PG-13,91 min,"Dramas, Sci-Fi",Description 355
s357,Movie,Title 357,,"Actor 56, Actor 57",France,"15 November, 2021",2009,TV-MA,80 min,Kids,Description 356
s358,TV Show,Title 358,Director 7,"Actor 57, Actor 58",Canada,"10 November, 2015",2016,TV-14,7 Seasons,Action,Description 357
s359,TV Show,Title 359,Director 8,"Actor 58, Actor 59",France,"13 May, 2021",2011,TV-PG,7 Seasons,"Horror, Kids, Romance",Description 358
s360,TV Show,Title 360,Director 9,"Actor 59, Actor 60",USA,"1 November, 2016",2015,PG-13,4 Seasons,"Action, Romance, Documentaries",Description 359
s361,TV Show,Title 361,,"Actor 60, Actor 61",Canada,"19 January, 2015",2012,R,5 Seasons,Kids,Description 360
s362,Movie,Title 362,Director 11,"Actor 61, Actor 62",South Korea,"14 May, 2020",1987,TV-MA,70 min,"Action, Comedies, Dramas",Description 361
s363,TV Show,Title 363,Director 12,"Actor 62, Actor 63",UK,"3 September, 2015",2016,PG-13,7 Seasons,Anime,Description 362
s364,Movie,Title 364,Director 13,"Actor 63, Actor 64",Japan,"3 July, 2015",1987,TV-MA,140 min,"Horror, Kids, Comedies",Description 363
s365,TV Show,Title 365,,"Actor 64, Actor 65",UK,"10 July, 2016",1997,PG-13,4 Seasons,"Thrillers, Documentaries",Description 364
s366,Movie,Title 366,,"Actor 65, Actor 66",India,"25 March, 2021",2014,TV-14,126 min,Horror,Description 365
s367,TV Show,Title 367,Director 16,"Actor 66, Actor 67",UK,"21 November, 2020",2003,TV-14,10 Seasons,"Kids, Action, Anime",Description 366
s368,Movie,Title 368,Director 17,"Actor 67, Actor 68",South Korea,"14 May, 2018",2014,R,163 min,Thrillers,Description 367
s369,Movie,Title 369,Director 18,"Actor 68, Actor 69",India,"15 July, 2018",1982,G,148 min,"Romance, Thrillers, Comedies",Description 368
s370,TV Show,Title 370,Director 19,"Actor 69, Actor 70",USA,"3 November, 2020",2008,PG-13,5 Seasons,Anime,Description 369
s371,TV Show,Title 371,,"Actor 70, Actor 71",France,"28 September, 2016",2014,G,5 Seasons,Kids,Description 370
s372,Movie,Title 372,Director 21,"Actor 71, Actor 72",Japan,"21 May, 2015",1993,G,143 min,"Kids, Comedies",Description 371
s373,TV Show,Title 373,Director 22,"Actor 72, Actor 73",USA,"6 September, 2018",2007,TV-PG,9 Seasons,"Comedies, Romance",Description 372
s374,TV Show,Title 374,Director 23,"Actor 73, Actor 74",France,"17 March, 2020",1986,TV-14,5 Seasons,Thrillers,Description 373
s375,Movie,Title 375,,"Actor 74, Actor 75",France,"8 January, 2021",2021,R,112 min,"Anime, Sci-Fi, Documentaries",Description 374
s376,TV Show,Title 376,Director 25,"Actor 75, Actor 76",India,"1 May, 2018",1995,PG-13,4 Seasons,"Action, Thrillers",Description 375
s377,TV Show,Title 377,Director 26,"Actor 76, Actor 77",South Korea,"22 November, 2019",1999,R,2 Seasons,Romance,Description 376
s378,TV Show,Title 378,Director 27,"Actor 77, Actor 78",UK,"14 September, 2018",1982,TV-14,3 Seasons,"Comedies, Thrillers, Documentaries",Description 377
s379,TV Show,Title 379,,"Actor 78, Actor 79",UK,"27 March, 2016",2008,G,3 Seasons,"Sci-Fi, Documentaries",Description 378
s380,TV Show,Title 380,Director 29,"Actor 79, Actor 80",Japan,"15 May, 2016",1996,R,5 Seasons,"Romance, Action, Documentaries",Description 379
s381,TV Show,Title 381,Director 30,"Actor 80, Actor 81",South Korea,"9 March, 2020",2002,PG-13,2 Seasons,"Horror, Action",Description 380
s382,Movie,Title 382,Director 31,"Actor 81, Actor 82",Japan,"25 January, 2015",1985,TV-MA,141 min,Documentaries,Description 381
s383,Movie,Title 383,Director 32,"Actor 82, Actor 83",South Korea,"26 November, 2018",2008,TV-PG,118 min,Thrillers,Description 382
s384,TV Show,Title 384,Director 33,"Actor 83, Actor 84",India,"20 January, 2016",1987,TV-14,10 Seasons,"Horror, Romance, Documentaries",Description 383
s385,TV Show,Title 385,Director 34,"Actor 84, Actor 85",India,"7 January, 2015",1995,G,8 Seasons,Documentaries,Description 384
s386,Movie,Title 386,Director 35,"Actor 85, Actor 86",USA,"20 January, 2018",1993,PG-13,94 min,"Sci-Fi, Anime",Description 385
s387,TV Show,Title 387,,"Actor 86, Actor 87",India,"20 November, 2020",2017,PG-13,10 Seasons,"Romance, Sci-Fi",Description 386
s388,TV Show,Title 388,Director 37,"Actor 87, Actor 88",UK,"28 January, 2016",2002,R,8 Seasons,"Comedies, Action, Anime",Description 387
s389,Movie,Title 389,Director 38,"Actor 88, Actor 89",India,"24 January, 2018",2019,TV-14,84 min,"Action, Kids",Description 388
s390,TV Show,Title 390,Director 39,"Actor 89, Actor 90",India,"15 March, 2019",2020,TV-MA,6 Seasons,Romance,Description 389
s391,TV Show,Title 391,Director 40,"Actor 90, Actor 91",France,"7 January, 2016",2007,TV-MA,1 Season,"Comedies, Anime, Dramas",Description 390
s392,Movie,Title 392,Director 41,"Actor 91, Actor 92",India,"17 May, 2016",1990,TV-PG,79 min,"Dramas, Horror, Thrillers",Description 391
s393,TV Show,Title 393,Director 42,"Actor 92, Actor 93",South Korea,"27 November, 2019",2019,G,1 Season,Kids,Description 392
s394,TV Show,Title 394,Director 43,"Actor 93, Actor 94",South Korea,"11 September, 2019",1988,TV-PG,9 Seasons,"Kids, Anime",Description 393
s395,TV Show,Title 395,Director 44,"Actor 94, Actor 95",Japan,"25 November, 2021",1993,R,1 Season,"Action, Documentaries",Description 394
s396,TV Show,Title 396,Director 45,"Actor 95, Actor 96",USA,"11 March, 2017",1993,TV-14,3 Seasons,"Thrillers, Romance",Description 395
s397,TV Show,Title 397,Director 46,"Actor 96, Actor 97",India,"5 November, 2019",1983,TV-MA,2 Seasons,Sci-Fi,Description 396
s398,Movie,Title 398,Director 47,"Actor 97, Actor 98",South Korea,"8 July, 2017",2016,TV-14,96 min,"Kids, Comedies, Horror",Description 397
s399,TV Show,Title 399,Director 48,"Actor 98, Actor 99",Japan,"9 January, 2019",2002,R,5 Seasons,"Kids, Dramas",Description 398
s400,Movie,Title 400,Director 49,"Actor 99, Actor 0",Canada,"19 November, 2016",2014,TV-14,76 min,"Thrillers, Action, Kids",Description 399
s401,Movie,Title 401,,"Actor 0, Actor 1",Canada,"21 November, 2018",1997,TV-14,151 min,"Action, Anime",Description 400
s402,TV Show,Title 402,Director 1,"Actor 1, Actor 2",South Korea,"18 July, 2015",2018,TV-14,8 Seasons,"Anime, Action, Sci-Fi",Description 401
s403,TV Show,Title 403,Director 2,"Actor 2, Actor 3",France,"12 November, 2020",2014,R,1 Season,"Dramas, Thrillers",Description 402
s404,Movie,Title 404,Director 3,"Actor 3, Actor 4",South Korea,"13 September, 2017",1990,R,89 min,"Thrillers, Comedies",Description 403
s405,Movie,Title 405,Director 4,"Actor 4, Actor 5",France,"23 July, 2018",2000,R,71 min,"Documentaries, Thrillers",Description 404
s406,TV Show,Title 406,Director 5,"Actor 5, Actor 6",Canada,"5 May, 2018",1998,TV-MA,3 Seasons,Thrillers,Description 405
s407,Movie,Title 407,Director 6,"Actor 6, Actor 7",Japan,"6 September, 2018",1998,PG-13,61 min,"Documentaries, Horror, Sci-Fi",Description 406
s408,Movie,Title 408,Director 7,"Actor 7, Actor 8",France,"8 March, 2017",2016,G,123 min,"Dramas, Anime",Description 407
s409,Movie,Title 409,Director 8,"Actor 8, Actor 9",Japan,"28 November, 2016",1997,G,87 min,"Documentaries, Comedies, Romance",Description 408
s410,Movie,Title 410,Director 9,"Actor 9, Actor 10",Japan,"26 July, 2015",2012,G,103 min,"Romance, Kids, Action",Description 409
s411,Movie,Title 411,Director 10,"Actor 10, Actor 11",France,"18 July, 2018",1986,TV-14,113 min,"Horror, Documentaries",Description 410
s412,Movie,Title 412,Director 11,"Actor 11, Actor 12",UK,"18 September, 2016",1988,TV-PG,99 min,"Comedies, Kids, Romance",Description 411
s413,TV Show,Title 413,Director 12,"Actor 12, Actor 13",South Korea,"13 March, 2017",2006,TV-PG,8 Seasons,"Thrillers, Kids",Description 412
s414,Movie,Title 414,Director 13,"Actor 13, Actor 14",Japan,"7 May, 2020",1983,PG-13,107 min,"Documentaries, Anime",Description 413
s415,TV Show,Title 415,Director 14,"Actor 14, Actor 15",UK,"3 July, 2021",1997,TV-14,8 Seasons,"Sci-Fi, Dramas",Description 414
s416,TV Show,Title 416,Director 15,"Actor 15, Actor 16",India,"12 January, 2019",2021,TV-14,1 Season,"Action, Sci-Fi, Anime",Description 415
s417,Movie,Title 417,Director 16,"Actor 16, Actor 17",Canada,"24 March, 2015",1988,TV-14,102 min,Comedies,Description 416
s418,TV Show,Title 418,Director 17,"Actor 17, Actor 18",USA,"9 July, 2020",1988,R,2 Seasons,"Romance, Thrillers, Action",Description 417
s419,TV Show,Title 419,Director 18,"Actor 18, Actor 19",Canada,"20 September, 2015",1995,G,3 Seasons,Action,Description 418
s420,TV Show,Title 420,Director 19,"Actor 19, Actor 20",Canada,"28 January, 2016",1989,TV-MA,1 Season,"Anime, Comedies",Description 419
s421,Movie,Title 421,Director 20,"Actor 20, Actor 21",Japan,"26 September, 2020",2000,R,94 min,"Thrillers, Horror, Documentaries",Description 420
s422,Movie,Title 422,,"Actor 21, Actor 22",UK,"22 September, 2016",1995,TV-14,159 min,"Comedies, Sci-Fi, Kids",Description 421
s423,Movie,Title 423,Director 22,"Actor 22, Actor 23",South Korea,"16 March, 2021",2005,PG-13,110 min,"Thrillers, Action",Description 422
s424,Movie,Title 424,Director 23,"Actor 23, Actor 24",UK,"11 May, 2015",2011,TV-14,69 min,"Horror, Dramas, Thrillers",Description 423
s425,TV Show,Title 425,,"Actor 24, Actor 25",France,"7 March, 2020",1989,TV-14,9 Seasons,Action,Description 424
s426,Movie,Title 426,,"Actor 25, Actor 26",USA,"4 November, 2021",2016,TV-MA,120 min,"Anime, Action, Kids",Description 425
s427,Movie,Title 427,Director 26,"Actor 26, Actor 27",UK,"16 March, 2020",2020,TV-14,83 min,"Kids, Dramas, Action",Description 426
s428,TV Show,Title 428,Director 27,"Actor 27, Actor 28",France,"20 November, 2016",1997,R,4 Seasons,Action,Description 427
s429,Movie,Title 429,Director 28,"Actor 28, Actor 29",USA,"13 March, 2019",2020,TV-PG,174 min,"Action, Kids",Description 428
s430,Movie,Title 430,Director 29,"Actor 29, Actor 30",UK,"11 May, 2018",2006,TV-MA,167 min,"Anime, Dramas",Description 429
s431,Movie,Title 431,Director 30,"Actor 30, Actor 31",Canada,"15 September, 2020",2004,G,92 min,"Romance, Comedies, Thrillers",Description 430
s432,TV Show,Title 432,Director 31,"Actor 31, Actor 32",Canada,"12 May, 2017",2008,TV-MA,7 Seasons,"Anime, Sci-Fi",Description 431
s433,Movie,Title 433,Director 32,"Actor 32, Actor 33",USA,"12 September, 2018",1984,TV-MA,166 min,"Action, Thrillers",Description 432
s434,TV Show,Title 434,Director 33,"Actor 33, Actor 34",USA,"15 January, 2021",2020,TV-14,1 Season,"Anime, Action",Description 433
s435,TV Show,Title 435,Director 34,"Actor 34, Actor 35",UK,"24 July, 2021",1985,TV-MA,2 Seasons,"Action, Kids, Romance",Description 434
s436,TV Show,Title 436,Director 35,"Actor 35, Actor 36",South Korea,"27 May, 2016",2005,G,4 Seasons,Documentaries,Description 435
s437,TV Show,Title 437,Director 36,"Actor 36, Actor 37",UK,"12 May, 2018",2012,TV-MA,7 Seasons,"Anime, Comedies",Description 436
s438,TV Show,Title 438,,"Actor 37, Actor 38",USA,"2 September, 2021",1997,R,8 Seasons,Horror,Description 437
s439,Movie,Title 439,Director 38,"Actor 38, Actor 39",Japan,"8 November, 2016",2003,PG-13,91 min,"Action, Comedies",Description 438
s440,TV Show,Title 440,,"Actor 39, Actor 40",South Korea,"1 May, 2019",2009,R,1 Season,Thrillers,Description 439
s441,TV Show,Title 441,Director 40,"Actor 40, Actor 41",South Korea,"19 September, 2020",2011,R,4 Seasons,"Kids, Horror, Action",Description 440
s442,TV Show,Title 442,Director 41,"Actor 41, Actor 42",USA,"14 May, 2016",2000,PG-13,8 Seasons,"Comedies, Action, Sci-Fi",Description 441
s443,Movie,Title 443,Director 42,"Actor 42, Actor 43",France,"7 May, 2016",2017,PG-13,154 min,"Anime, Dramas, Comedies",Description 442
s444,TV Show,Title 444,Director 43,"Actor 43, Actor 44",France,"13 September, 2021",1980,TV-MA,2 Seasons,Sci-Fi,Description 443
s445,TV Show,Title 445,Director 44,"Actor 44, Actor 45",France,"8 July, 2019",1985,R,9 Seasons,"Action, Kids, Dramas",Description 444
s446,Movie,Title 446,Director 45,"Actor 45, Actor 46",Canada,"21 November, 2017",2009,TV-14,145 min,"Horror, Kids, Anime",Description 445
s447,TV Show,Title 447,Director 46,"Actor 46, Actor 47",Canada,"9 July, 2020",2020,TV-PG,4 Seasons,"Dramas, Kids",Description 446
s448,TV Show,Title 448,Director 47,"Actor 47, Actor 48",France,"21 November, 2018",2002,TV-PG,8 Seasons,"Thrillers, Sci-Fi",Description 447
s449,Movie,Title 449,,"Actor 48, Actor 49",France,"15 March, 2020",1984,TV-PG,109 min,"Documentaries, Comedies",Description 448
s450,TV Show,Title 450,Director 49,"Actor 49, Actor 50",South Korea,"26 May, 2016",2014,R,5 Seasons,"Action, Romance",Description 449
s451,Movie,Title 451,Director 0,"Actor 50, Actor 51",Japan,"5 November, 2019",2005,G,179 min,"Thrillers, Comedies",Description 450
s452,TV Show,Title 452,Director 1,"Actor 51, Actor 52",USA,"16 March, 2019",1993,PG-13,6 Seasons,"Anime, Kids",Description 451
s453,TV Show,Title 453,Director 2,"Actor 52, Actor 53",Canada,"21 January, 2019",2007,TV-MA,3 Seasons,"Romance, Thrillers",Description 452
s454,TV Show,Title 454,Director 3,"Actor 53, Actor 54",South Korea,"2 January, 2021",1993,TV-MA,1 Season,Dramas,Description 453
s455,Movie,Title 455,Director 4,"Actor 54, Actor 55",France,"22 January, 2021",2011,TV-PG,155 min,"Kids, Comedies, Dramas",Description 454
s456,Movie,Title 456,Director 5,"Actor 55, Actor 56",Japan,"1 July, 2016",1997,TV-MA,179 min,"Thrillers, Documentaries",Description 455
s457,Movie,Title 457,,"Actor 56, Actor 57",India,"27 November, 2016",2000,TV-14,130 min,"Documentaries, Comedies",Description 456
s458,Movie,Title 458,Director 7,"Actor 57, Actor 58",UK,"3 November, 2016",1998,TV-14,126 min,Horror,Description 457
s459,TV Show,Title 459,,"Actor 58, Actor 59",France,"1 March, 2019",2001,PG-13,2 Seasons,"Anime, Romance, Kids",Description 458
s460,Movie,Title 460,Director 9,"Actor 59, Actor 60",Canada,"15 May, 2015",2015,TV-MA,92 min,"Horror, Documentaries, Romance",Description 459
s461,Movie,Title 461,Director 10,"Actor 60, Actor 61",France,"20 November, 2020",2016,R,121 min,"Horror, Thrillers, Anime",Description 460
s462,Movie,Title 462,Director 11,"Actor 61, Actor 62",India,"20 July, 2020",1988,TV-MA,141 min,"Kids, Sci-Fi, Action",Description 461
s463,TV Show,Title 463,Director 12,"Actor 62, Actor 63",USA,"16 January, 2015",2016,R,5 Seasons,"Kids, Anime",Description 462
s464,TV Show,Title 464,,"Actor 63, Actor 64",Canada,"18 September, 2018",2011,G,4 Seasons,"Romance, Anime",Description 463
s465,TV Show,Title 465,Director 14,"Actor 64, Actor 65",USA,"1 January, 2019",2001,TV-PG,6 Seasons,"Documentaries, Horror, Action",Description 464
s466,TV Show,Title 466,Director 15,"Actor 65, Actor 66",South Korea,"24 May, 2019",1983,R,1 Season,"Comedies, Thrillers, Sci-Fi",Description 465
s467,TV Show,Title 467,Director 16,"Actor 66, Actor 67",South Korea,"10 January, 2019",1982,G,4 Seasons,"Action, Comedies, Thrillers",Description 466
s468,Movie,Title 468,Director 17,"Actor 67, Actor 68",UK,"27 November, 2020",1986,TV-PG,74 min,"Horror, Documentaries, Dramas",Description 467
s469,Movie,Title 469,,"Actor 68, Actor 69",Japan,"14 March, 2015",2020,TV-14,90 min,Horror,Description 468
s470,TV Show,Title 470,Director 19,"Actor 69, Actor 70",USA,"4 September, 2016",2009,TV-MA,7 Seasons,"Dramas, Comedies, Action",Description 469
s471,TV Show,Title 471,Director 20,"Actor 70, Actor 71",France,"8 March, 2019",1981,G,6 Seasons,"Anime, Horror",Description 470
s472,Movie,Title 472,Director 21,"Actor 71, Actor 72",Japan,"17 May, 2021",1987,PG-13,61 min,Comedies,Description 471
s473,TV Show,Title 473,,"Actor 72, Actor 73",India,"12 May, 2021",1990,TV-MA,3 Seasons,"Thrillers, Documentaries",Description 472
s474,TV Show,Title 474,Director 23,"Actor 73, Actor 74",USA,"13 January, 2017",2008,TV-PG,5 Seasons,Anime,Description 473
s475,Movie,Title 475,,"Actor 74, Actor 75",India,"13 July, 2019",2009,TV-MA,134 min,Horror,Description 474
s476,TV Show,Title 476,Director 25,"Actor 75, Actor 76",Japan,"8 November, 2016",1980,PG-13,2 Seasons,"Anime, Kids",Description 475
s477,TV Show,Title 477,Director 26,"Actor 76, Actor 77",Canada,"10 November, 2021",2007,TV-PG,7 Seasons,"Anime, Dramas",Description 476
s478,TV Show,Title 478,Director 27,"Actor 77, Actor 78",Canada,"28 January, 2020",1992,TV-PG,4 Seasons,Sci-Fi,Description 477
s479,TV Show,Title 479,Director 28,"Actor 78, Actor 79",France,"28 November, 2021",1988,PG-13,1 Season,"Dramas, Thrillers",Description 478
s480,Movie,Title 480,Director 29,"Actor 79, Actor 80",France,"2 January, 2018",2021,TV-MA,65 min,"Kids, Romance, Thrillers",Description 479
s481,TV Show,Title 481,Director 30,"Actor 80, Actor 81",France,"13 July, 2019",1999,PG-13,10 Seasons,Anime,Description 480
s482,Movie,Title 482,,"Actor 81, Actor 82",India,"16 January, 2020",1990,R,160 min,"Kids, Thrillers, Action",Description 481
s483,TV Show,Title 483,Director 32,"Actor 82, Actor 83",UK,"1 November, 2016",1997,TV-14,8 Seasons,"Dramas, Documentaries, Thrillers",Description 482
s484,TV Show,Title 484,,"Actor 83, Actor 84",UK,"3 July, 2021",1985,PG-13,10 Seasons,"Dramas, Action, Comedies",Description 483
s485,TV Show,Title 485,Director 34,"Actor 84, Actor 85",UK,"14 November, 2021",2021,TV-PG,3 Seasons,"Horror, Documentaries",Description 484
s486,Movie,Title 486,Director 35,"Actor 85, Actor 86",Canada,"11 September, 2021",2003,R,107 min,"Horror, Anime, Thrillers",Description 485
s487,TV Show,Title 487,Director 36,"Actor 86, Actor 87",Canada,"4 September, 2015",1996,TV-14,2 Seasons,"Dramas, Comedies, Kids",Description 486
s488,TV Show,Title 488,,"Actor 87, Actor 88",South Korea,"8 March, 2021",1985,PG-13,4 Seasons,"Romance, Kids, Documentaries",Description 487
s489,TV Show,Title 489,Director 38,"Actor 88, Actor 89",UK,"23 September, 2018",2003,TV-14,3 Seasons,"Romance, Thrillers",Description 488
s490,Movie,Title 490,Director 39,"Actor 89, Actor 90",Japan,"9 January, 2015",2021,TV-MA,123 min,"Thrillers, Sci-Fi, Horror",Description 489
s491,TV Show,Title 491,Director 40,"Actor 90, Actor 91",France,"22 May, 2019",1990,TV-PG,2 Seasons,"Dramas, Romance, Action",Description 490
s492,Movie,Title 492,Director 41,"Actor 91, Actor 92",USA,"19 November, 2015",1983,PG-13,147 min,"Kids, Comedies",Description 491
s493,Movie,Title 493,,"Actor 92, Actor 93",South Korea,"6 May, 2015",2005,TV-PG,139 min,"Comedies, Kids, Romance",Description 492
s494,TV Show,Title 494,Director 43,"Actor 93, Actor 94",Japan,"7 September, 2016",2020,R,6 Seasons,"Comedies, Kids",Description 493
s495,Movie,Title 495,Director 44,"Actor 94, Actor 95",Japan,"25 November, 2021",1999,R,179 min,"Kids, Romance",Description 494
s496,Movie,Title 496,Director 45,"Actor 95, Actor 96",UK,"13 January, 2017",1994,TV-14,157 min,"Sci-Fi, Horror, Anime",Description 495
s497,TV Show,Title 497,Director 46,"Actor 96, Actor 97",USA,"6 September, 2016",2007,R,1 Season,Documentaries,Description 496
s498,Movie,Title 498,Director 47,"Actor 97, Actor 98",UK,"19 July, 2020",2021,G,67 min,"Sci-Fi, Dramas",Description 497
s499,TV Show,Title 499,,"Actor 98, Actor 99",USA,"18 May, 2018",1985,R,6 Seasons,"Comedies, Romance",Description 498
s500,Movie,Title 500,,"Actor 99, Actor 0",France,"25 November, 2016",1986,PG-13,142 min,Horror,Description 499
